20250823085950_aaab949c-9332-4daf-94bb-cece3eed2025.sql	OK	
20250823090008_6b680d24-10bf-49d0-b980-ae8646dc2026.sql	FAIL	ERROR:  type "app_role" already exists
20250823090104_601d0403-d08c-4c2c-8e4d-c50931efc6ae.sql	OK	
20250823090718_811899e8-c5b7-4c5e-a63a-f84a6f6727ff.sql	OK	
20250823092923_cb021c9a-7341-4415-b228-85175df684c4.sql	FAIL	ERROR:  policy "Users can update their own profile" for table "profiles" already exists
20250823092944_28e4f05c-a1b5-4f92-869c-9286a94be0e8.sql	OK	
20250823102540_6d7e56ee-15e6-4e27-a68a-e35d3eb3ef01.sql	OK	
20250823103838_c1ae6fec-ebab-4d76-8b43-e544c96ede7e.sql	OK	
20250823103912_8312857e-e4ed-4ffa-b572-1b8ae54a6777.sql	OK	
20250823112326_1947589c-b8a4-4c80-b159-5edf40ccaf5e.sql	FAIL	ERROR:  policy "Users can view their own profile" for table "profiles" already exists
20250823112352_08e97261-639f-43b1-85b4-5ab77ce53251.sql	FAIL	ERROR:  policy "Users can view their own profile" for table "profiles" already exists
20250823112438_d69ea167-6a85-4145-8b97-39ffc2c5ab26.sql	OK	
20250827132654_453501ff-66a3-4ba0-ac79-150be00b0ac6.sql	OK	
20250827132726_05abb4d1-d791-4dcf-b0a5-426759a98278.sql	OK	
20250827145745_8152a029-eae6-4336-a130-4eb5fd645403.sql	OK	
20250827150736_9483e300-b923-4478-828e-002885b2324f.sql	OK	
20250827151227_ac2245b8-6a55-461e-9444-92a238b5fce7.sql	FAIL	ERROR:  function auth.jwt() does not exist
20250827151315_f368c3f6-e16e-4184-89cc-91827e1b3001.sql	OK	
20250827153548_101e1958-1a4c-4d37-9eef-877b44e33d73.sql	OK	
20250827153617_ec3cbb08-4b8d-4b46-ba3b-6a14a7a2c126.sql	OK	
20250827153700_ae8827dc-b440-4efc-bd5c-b05b3634cd94.sql	OK	
20250827161036_27deb3c5-bde3-48bb-b1a7-992f787d5b09.sql	FAIL	ERROR:  relation "businesses" already exists
20250827161106_23e41bbe-3fcf-40fd-8d6f-5bf91b450317.sql	OK	
20250827165234_0918245b-9b5d-4bb8-9b8b-34f70af79075.sql	FAIL	ERROR:  syntax error at or near "not"
20250827165258_262d28a3-f7df-47ba-a0f9-f39bbe08da74.sql	OK	
20250827213233_3fa4fe40-1662-4e9b-a330-1ba0f26fd668.sql	OK	
20250827213519_0bdc58c7-066b-42da-a0ba-b821b6d22c45.sql	OK	
20250827214027_f8e15940-2ed0-4f78-9d94-1f859fe06685.sql	OK	
20250827214829_0e5be59f-f8a3-4bef-9647-d4756975f4a1.sql	FAIL	ERROR:  insert or update on table "profiles" violates foreign key constraint "profiles_user_id_fkey"
20250827221739_85c1ca86-b458-4fab-bb62-0bf27a59a1e9.sql	OK	
20250827224144_4116e2cb-7287-4330-9bf3-e009e671e5d4.sql	OK	
20250827224907_f523eed5-27d5-4fc7-af9a-e3b06bba5018.sql	OK	
20250827225400_e2ee913b-a5e1-4387-bfb6-7e8d2b37e182.sql	FAIL	ERROR:  syntax error at or near "CREATE"
20250827225423_b9cab448-45a0-4a13-be36-9c0e3b1332b6.sql	FAIL	ERROR:  column "supplier_ref" of relation "suppliers" already exists
20250827225439_26cac640-d9c7-4006-b9a0-ce6a17222ee2.sql	FAIL	ERROR:  syntax error at or near "CREATE"
20250827225454_f3f38e89-c788-4bf5-8fc4-479f26a376cb.sql	OK	
20250827225511_8fedcd05-de23-499c-a7f4-82bdcaf111c4.sql	OK	
20250827225530_7441dda4-b83f-4f9c-9ba6-c00e0065feef.sql	OK	
20250827231232_788577d2-9ae8-4006-96a3-2fccf5c284d0.sql	OK	
20250827235607_fec5725f-7827-43aa-b6e0-420548ec5a7d.sql	OK	
20250828002504_9650b0d3-85bb-4291-a0b4-61bde3687ae1.sql	OK	
20250828003000_43c4aa1d-9506-46e3-a096-895f8ac43727.sql	OK	
20250828003311_b4269f80-e700-422a-a3e4-12cbac523f03.sql	OK	
20250828023909_666763f8-e3e2-4767-9951-d6b28f16fa7e.sql	OK	
20250828030624_4a750be7-ed29-45e0-8d44-5fe026aa854f.sql	FAIL	ERROR:  policy "Sales order items access" for table "sales_order_items" already exists
20250828030652_d55cc844-0108-4513-a395-45b1415a4afb.sql	OK	
20250828034839_8889a05a-8522-4063-a256-c1a18f0c9562.sql	OK	
20250828051802_3729058b-a900-44ea-b3fd-c83959a689c5.sql	OK	
20250828065642_2c2b978d-e4f5-4a00-8250-957f5635663d.sql	OK	
20250828072422_9de9f148-aa24-49b6-b9f7-dfd2acc0fe4d.sql	OK	
20250828084833_4f1eb355-0af2-4597-be86-101d8990ced9.sql	OK	
20250829045653_74c6c67c-df30-4f32-82f1-72022e36e212.sql	FAIL	ERROR:  trigger "on_auth_user_created" for relation "users" already exists
20250829045800_b47a1559-378a-42af-beb2-834c90a13ef5.sql	FAIL	ERROR:  trigger "on_auth_user_created" for relation "users" already exists
20250829052846_c8691a54-f467-4486-9243-1a704e0d86f6.sql	OK	
20250829060609_574b20bd-97ce-484b-a59a-f3929066ae6e.sql	OK	
20250829063108_33f98853-5278-480c-be10-88e1c3b91c50.sql	FAIL	ERROR:  there is no unique constraint matching given keys for referenced table "warehouse_bins"
20250829063133_e3bf1137-264c-49c2-9f06-44087412c231.sql	FAIL	ERROR:  column "wh_bin_code" of relation "products" already exists
20250830071750_52eac4ab-a8b0-493f-af38-0870f0bccb01.sql	OK	
20250830071824_fea593e3-29f3-4c3b-8a0e-9014a6e9e948.sql	FAIL	ERROR:  relation "uk_warehouse_bins_company_wh_bin_code" already exists
20250830072135_fee06c1b-285c-461b-9f6d-254090acdbd3.sql	FAIL	ERROR:  cannot drop index suppliers_supplier_ref_unique because constraint suppliers_supplier_ref_unique on table suppliers requires it
20250830072156_23d23ac6-9a2a-4ce3-a290-1626dfb8f8cc.sql	OK	
20250830074541_9129332f-709f-446f-bceb-3e02cbc08dbd.sql	OK	
20250830162536_4e6ca007-762f-49bd-bae3-66b492d4c67d.sql	OK	
20250830164544_b2296850-6126-4350-8b70-9b03a7202d76.sql	FAIL	ERROR:  cannot drop column business_id of table business_users because other objects depend on it
20250830164612_53459948-12c0-4ed2-928d-b181fc887a84.sql	FAIL	ERROR:  cannot change name of input parameter "bus_id"
20250830164633_f15e4892-ee5e-4e81-a7f4-34d9d6a11dbe.sql	FAIL	ERROR:  cannot change name of input parameter "bus_id"
20250830164656_26e8cafc-53c2-4322-b1b9-0bd4fcf374f6.sql	FAIL	ERROR:  cannot drop function auto_generate_user_ref() because other objects depend on it
20250830164802_f92364cd-bf84-4df0-bc8b-c132ffcb43b4.sql	FAIL	ERROR:  cannot drop function auto_generate_user_ref() because other objects depend on it
20250830164825_0d359a1a-7349-4f91-a0ac-6b48b0b00546.sql	FAIL	ERROR:  column "business_id" does not exist
20250830164904_9ed2fbd0-e801-43ce-ba82-5bbba476c548.sql	OK	
20250830164946_56bf82be-e3de-40ba-9976-6a0a7bc447da.sql	OK	
20250830165032_e5b3c45e-40a7-4a6f-a1c6-1ff4c9c78c3b.sql	OK	
20250830174254_0c0797b1-1fef-4233-b325-84b0e2dcde99.sql	OK	
20250830174425_795ed2e4-ebcc-460c-8c1d-b0f3222a2dc3.sql	FAIL	ERROR:  trigger "auto_generate_company_business_ref_trigger" for relation "companies" already exists
20250830174453_1eed0f8e-a33c-4fa1-ab8b-3ee26d9630cb.sql	OK	
20250830180154_fceaeffe-fb2f-494d-8d5e-f44b7f4c2dd1.sql	OK	
20250830180239_0ac1478d-795a-498b-a90e-a5289cf0f890.sql	OK	
20250830182131_2fdc44a4-2136-4e7c-a253-a31a38550878.sql	OK	
20250830184736_ad4382c8-4588-4809-a829-7d7a61249c31.sql	OK	
20250830184759_37ce2457-90d2-453f-b51c-661638286827.sql	FAIL	ERROR:  policy "View team members in own company" for table "company_users" already exists
20250830184822_f3854409-ffe0-4692-a5f4-7dd9c0f560b6.sql	OK	
20250830190719_e864cd35-7c1a-44e3-8d8d-24998e23e33a.sql	OK	
20250830191712_9339842d-a039-4d03-a896-f2755ed8ee84.sql	OK	
20250830195551_aaf1f00c-f7d7-4ca7-8d5b-924a9734f4ed.sql	OK	
20250830201009_b54c7c69-05e5-4bbe-86f1-1a3808c4d702.sql	OK	
20250830202803_65ec6f39-d589-4e9b-b18f-19d4b898cab6.sql	OK	
20250830211535_cf294ed8-339f-47eb-afbd-f895b6d11a70.sql	OK	
20250830212149_940a4a11-0963-4d2b-b29c-5ccf86208cf3.sql	OK	
20250830212544_d8a46113-93f7-4339-ad8e-a76154376658.sql	OK	
20250830212914_309bce98-28e2-4145-8214-ff4693f943c7.sql	OK	
20250831091603_3a2c2ec0-f9b4-407a-8e0d-15889cc36228.sql	OK	
20250831093417_7db88a3b-4871-4515-9fd6-874c4b4cfd4e.sql	OK	
20250831093457_637e9a65-bb2f-4849-8c6a-cb3ba107feb7.sql	OK	
20250831095221_3a57327b-1586-4e3b-89a8-2e99699e0f1f.sql	OK	
20250831100905_5e21c67f-045b-4c9d-87ee-4ad49217b895.sql	OK	
20250831101104_ab4e5f00-3461-451c-aa82-63f79673065a.sql	FAIL	ERROR:  relation "stock_transfers" already exists
20250831101757_a8c7d8d3-ff53-45ca-b56b-e7fd1e4c91d0.sql	OK	
20250831101835_67c7520d-63c8-4f29-92e8-88dbfc1624a9.sql	OK	
20250831101858_508876f9-990a-46c5-97ec-90caeeab797b.sql	OK	
20250831102436_4bc1156d-bd40-40d2-ab49-d9670e4ed531.sql	OK	
20250831103131_7d45a670-c07a-4ece-8406-81f774e2165b.sql	OK	
20250831103153_dd594449-423b-4927-b8ba-c650759a40ea.sql	OK	
20250831104835_e6cbdf6e-4291-4925-80ed-cebec282e6f6.sql	OK	
20250831114724_188f5994-108b-49f6-9a94-b521fad87b48.sql	OK	
20250831121332_fb6f4e67-dcd5-4141-99a1-1ec15be3f191.sql	OK	
20250831123112_338dde1f-819e-4f67-8f1a-e985ce8693c1.sql	OK	
20250831125112_5b1aa4d1-5584-493c-9a30-96522b8cb4ed.sql	OK	
20250831125607_1679b793-0340-4e87-a8c1-51f895ef77a3.sql	OK	
20250831133100_6d7294c7-de67-44e0-823c-cca73a574598.sql	OK	
20250831134109_d871007e-ec56-42f9-93aa-0d32acc32404.sql	OK	
20250831141142_1d72d6cc-a359-4534-a92d-28a608210613.sql	OK	
20250831145429_a688ab04-684e-4dae-88b2-a24d1bd10456.sql	OK	
20250902195122_229f83a9-e9dd-469e-9127-727a6ef1d18f.sql	OK	
20250902195307_6e9b8ff4-6bd3-44dc-9968-fddd16d116c4.sql	OK	
20250902195341_a0c9800c-4150-4329-ab03-ed0e9564416c.sql	OK	
20250902195520_26a8fbbe-fbdc-4eca-a8f9-cd2f7ee0f6c9.sql	OK	
20250902195544_94af3f18-031f-4b40-9d3a-1b2cae86eb24.sql	OK	
20250902195610_8b98b95d-e1d3-48b5-86e4-0b49f54d89a1.sql	OK	
20250902195633_d98fcb8a-5800-442c-8223-97b5f211881f.sql	OK	
20250902195706_3f80e7ba-270f-426f-8c9c-8df5ca014d51.sql	OK	
20250902195726_8d45342b-f011-44c7-92e2-1e2f114c89a1.sql	OK	
20250902195805_b0f1e281-0c82-4c5a-bcbe-9d147db8c4dc.sql	OK	
20250902195835_bb065efe-a227-47f6-84b1-22a27d47a9a3.sql	OK	
20250902195901_7e364412-be5d-42a5-b153-5e4c211c8e8d.sql	OK	
20250902200649_bb308fa6-52a7-4731-a488-4d316ed93890.sql	OK	
20250902200710_1ac13d62-e25c-420c-a19e-3a90a875c5aa.sql	OK	
20250902202720_af0a3236-7166-4ebc-9b35-56e0767ecb7e.sql	OK	
20250902205709_7a939456-d290-4996-8a2f-15d30bfb295d.sql	OK	
20250902205750_3bb8f238-ee19-4793-8265-cb4c1856ea00.sql	OK	
20250902205809_21d79fbb-3924-40f8-ba21-e3fd28457155.sql	OK	
20250902211436_9cfa19ad-f9ab-4304-8a33-4aed3ca18256.sql	OK	
20250902211532_a6ab4cc3-478d-45a0-b1ea-c6e9317864ee.sql	OK	
20250902211605_bb7489bb-5e0e-48c6-a962-14edec679a6c.sql	OK	
20250902211651_82586720-d234-44cb-9436-5cf91212d146.sql	OK	
20250902211712_219cdfb6-fc7e-40b0-ad4c-b560df98e6eb.sql	OK	
20250902211906_012b1d0c-5ea4-4442-9099-b771fa522b5c.sql	OK	
20250902211937_ba3254c3-b285-4829-87a5-f2bd5aa6831b.sql	OK	
20250902212005_686aec60-427b-4a7a-929f-2b0f5aebdd2d.sql	OK	
20250902212047_2ba17160-4e2d-40ae-b9a1-50696ca5ca4a.sql	OK	
20250902213331_bbe02841-ba90-4ca2-a365-d2439545f8ff.sql	OK	
20250902213423_5749ca81-b70d-4c5b-9adf-4ae3531db174.sql	FAIL	ERROR:  policy "Company isolation for grn_processing_log" for table "grn_processing_log" already exists
20250902213448_b68af4b3-b454-4de5-b994-69e641f08ba6.sql	FAIL	ERROR:  policy "Company isolation for grn_processing_log" for table "grn_processing_log" already exists
20250902213528_b381ccbc-70ad-4069-ae7d-a8d2daa8823e.sql	FAIL	ERROR:  policy "Company isolation for grn_processing_log" for table "grn_processing_log" already exists
20250902213613_f64fe525-4472-474b-80c3-67c14777e874.sql	OK	
20250902213635_48173102-5f01-4b03-b686-6cf8ff7c82de.sql	FAIL	ERROR:  trigger "trg_grn_inventory_processing_enhanced" for relation "grn_header" already exists
20250902213709_f91b7270-e5f0-489a-b6cf-0445c8440798.sql	OK	
20250902213739_bee4979d-7049-4eb3-80d1-da9d29ea9753.sql	OK	
20250902213840_39815434-e4b0-4d72-be7a-7aff43b9aeb6.sql	OK	
20250902213909_d86c494b-1b19-481b-b868-256c6520a26d.sql	OK	
20250902213953_aef34ce9-6726-494d-af8f-7f5a9124cded.sql	OK	
20250902214119_2239d588-9cae-492d-9faa-3ce91998b1a4.sql	OK	
20250902214206_615ed492-df2c-4726-9a26-d6decc3c5893.sql	OK	
20250902215042_3d383e14-a8ad-44ea-af10-78f5eb5c8e1e.sql	OK	
20250902220913_97e7f43c-6439-431b-94c9-d2b69d7f2432.sql	OK	
20250902221056_8c4a8df5-c643-47f4-90fe-05877db4dcfc.sql	OK	
20250903174804_443c2425-7e56-4cb2-9d3e-7a0383966ad9.sql	OK	
20250903175711_fa91c751-dfde-4af8-b6d7-e8c21cc43579.sql	OK	
20250903180558_b78b80c9-21e1-4b2e-9541-a583e26634a4.sql	OK	
20250903182320_bd952b71-bf9b-4b04-b103-b41bdd4c9aa3.sql	OK	
20250903182342_d6aed09f-6a91-4c3d-8da4-0d53c35b9f17.sql	OK	
20250903183800_d99efa76-aa09-42a4-bd69-9ffd71b7a1ec.sql	OK	
20250903194118_aab7d24b-294a-4775-90a7-77a7f5a1cafe.sql	OK	
20250903201253_73978a71-cec3-48d2-a963-7d32ea5b1a48.sql	OK	
20250903202639_6745addb-df43-412a-a35b-2ed0bc62ece1.sql	FAIL	ERROR:  column "warehouse_id" referenced in foreign key constraint does not exist
20250903202739_f45ec193-f548-4f64-85ca-bf0e532da66e.sql	OK	
20250903205740_da2cb690-ad51-47d6-9dc8-aea78a66f7ee.sql	OK	
20250903211401_e1e1d6f9-dd77-4063-9419-becdec75aab2.sql	FAIL	ERROR:  column "warehouse_id" referenced in foreign key constraint does not exist
20250903211430_ebe38724-ae10-4291-a50c-c749db5cf96d.sql	OK	
20250903212911_ccd3597b-6f92-426a-9a3d-3a4e92b11669.sql	FAIL	ERROR:  relation "public.warehouses" does not exist
20250903212941_19e51725-027b-4fe7-8e9e-df3987625550.sql	OK	
20250903212956_2dbfbfc1-097f-4523-85dc-a670102abbba.sql	FAIL	ERROR:  relation "public.warehouses" does not exist
20250903213038_43206ef8-705e-48a6-b919-d293374f21f8.sql	OK	
20250903214017_899d0cca-432d-47f2-9b23-7ea98f042bb8.sql	OK	
20250903214743_264d8f7e-f3f3-41cf-844c-c8dd5af419b2.sql	OK	
20250903214814_c1bf0537-d108-4574-842e-ac67caade2c7.sql	OK	
20250903214842_394ff2c7-4dd4-446d-bf3b-de810a89dae7.sql	OK	
20250903214905_13030428-832a-4910-9801-4166da4a2fc1.sql	OK	
20250903214937_68c65d01-b13e-4d88-9c65-e46094d83123.sql	OK	
20250903215014_43bf7f2c-fd04-484d-b925-cd3caa604c1d.sql	OK	
20250903215545_d81d85dc-5890-46c6-83b7-5ef1d745c19e.sql	OK	
20250903215720_65c9e5ff-81bf-491b-b21e-d8d99980875d.sql	OK	
20250903220513_b604d62d-b000-4f69-a5ef-c2164d448abd.sql	OK	
20250903221334_03d4d6b8-8eb7-4f2e-ad86-706801e829db.sql	OK	
20250903221919_ef6ea198-632d-4e05-b2bd-9b52b96f3960.sql	OK	
20250903221934_bbceb790-878c-47c4-90e7-aee3fdd82f4a.sql	OK	
20250903221952_c99c5fbf-8910-4091-bd36-3549b15cf9c0.sql	OK	
20250903222009_47e7860d-7fe3-46b8-bd4a-3c9458a04b22.sql	OK	
20250903222733_9b8d957e-b812-4631-a335-724292aa51cd.sql	OK	
20250903222852_43eedb74-2179-44b5-85ed-e5d7ab45616e.sql	OK	
20250904165624_ef47f0b4-3609-4964-a44d-40a62727a5b5.sql	FAIL	ERROR:  input parameters after one with a default value must also have defaults
20250904165707_e6d07a39-41a7-44d5-b5dd-99c9aa77ff68.sql	FAIL	ERROR:  relation "return_order_header" already exists
20250904165813_931c85bf-d38d-4c7b-9891-0d3fd723d19d.sql	FAIL	ERROR:  relation "return_order_header" already exists
20250904165904_267c4f42-973f-4582-9410-3d8c074c4291.sql	OK	
20250904171342_9e550393-350c-4ca6-b085-0a767d096d8e.sql	OK	
20250904172855_b5999411-eeca-4a39-a5a6-ac25c50826d7.sql	OK	
20250904175936_c6480b15-67dc-44b9-978a-ff7999ad8046.sql	OK	
20250904180020_559b8f8c-5030-4a7b-90b5-91f8bdef71f3.sql	OK	
20250904180107_8041c6e2-4810-45d4-ba48-faa623613bb0.sql	OK	
20250904191427_c0f8192f-2e11-4676-8cff-5f45b2c6c192.sql	OK	
20250904193023_aafb1192-91c8-4a45-a082-cc70669fb846.sql	OK	
20250904200543_502e080c-e85a-490b-98e4-891802305bbf.sql	OK	
20250904200625_a2791323-214d-4938-bf23-bdf3405c94ea.sql	OK	
20250904200647_c7a8436f-907b-43cb-8d2c-4e401b5746c1.sql	OK	
20250904200718_f6748007-0583-4e64-b83b-7340c1388454.sql	OK	
20250904201147_3ce9b100-06aa-4f92-8985-343f9bc19edb.sql	OK	
20250904201518_4cd8481b-ea82-427a-b2fe-8322af603a01.sql	FAIL	ERROR:  ALTER action ENABLE ROW SECURITY cannot be performed on relation "current_stock_levels"
20250904201536_7983b1a3-b083-478d-b652-e776f16a5eaa.sql	FAIL	ERROR:  policy "Users can only access their own OTP records" for table "email_otps" already exists
20250904201705_5d41deae-c2b4-4843-9501-4f50bd43a08a.sql	OK	
20250904201738_e2ef3e6a-da0d-44a3-b165-3020e0d3d54f.sql	OK	
20250904201759_4323b0d4-e2ae-457e-8b5f-66428a9d6e3d.sql	OK	
20250904204024_4c5874c2-1ec2-42f6-bdc6-a5a2907e1c41.sql	FAIL	ERROR:  function auth.jwt() does not exist
20250904210153_a9930c0d-07d2-4f78-9aff-3afa1c84644d.sql	OK	
20250904210214_aa1a243a-e2ba-4ebe-afe6-a1d910ac7d2f.sql	FAIL	ERROR:  relation "credit_notes" already exists
20250904210233_a9d78034-4746-4d49-b9ac-2e4f5df1a100.sql	FAIL	ERROR:  relation "credit_notes" already exists
20250904210255_c29fcc38-239a-46d1-88a1-867362bdaaf1.sql	OK	
20250904225859_26d429b9-6d3b-4b1c-9eb8-c7d327143970.sql	OK	
20250904225940_0c90a9e9-957f-4960-9a38-7bafb789a0b1.sql	FAIL	ERROR:  relation "auth.config" does not exist
20250904230009_b6d3c61f-d42d-4137-973f-acadaa88b17a.sql	FAIL	ERROR:  relation "auth.config" does not exist
20250904230046_f18be9ae-b886-4369-afa8-e0a6dd14e37d.sql	OK	
20250906111620_2f1d5138-b2a0-4985-b4f4-333a6c01172e.sql	OK	
20250906143841_3cb77438-0b9e-4c23-8435-13003bb29631.sql	OK	
20250906164244_899603cf-2c66-4064-8d09-10d0b96322de.sql	OK	
20250906164703_da00d0fb-a900-4f1b-8172-b0a2425de099.sql	OK	
20250906173444_6c65c595-7715-4993-bc79-df44a72cb393.sql	OK	
20250906175340_a4f5ff61-0fc6-46ba-a6f0-81188fcecb5a.sql	OK	
20250906184901_ab53505d-1cc9-45ed-8f14-21b0aafae4a3.sql	OK	
20250906184951_9680628e-f1b5-4f8d-843a-cc98cae4805d.sql	OK	
20250907135434_5e267c39-aabb-464f-93e4-0331d1846ef0.sql	OK	
20250907141547_8cd45588-8053-4632-81f3-3658b8a1a450.sql	OK	
20250907145910_0fcbf8e4-14ca-4fce-bbd2-70f8a1e97885.sql	OK	
20250907151310_9b629405-63c1-438f-bbd0-679f5aebca82.sql	OK	
20250907153026_ba26964a-2f00-4934-834c-fd451f68228b.sql	OK	
20250907153939_1e3182ab-ad68-45c2-83d0-4b2db25255bb.sql	OK	
20250908180323_7de3a6be-6ff6-4783-ad3f-7ef532b22036.sql	OK	
20250908185055_0514af84-2471-4afc-8a61-35f0a6e1ecc5.sql	OK	
20250908190017_203917fc-33c0-4558-8a10-f5542aee208a.sql	OK	
20250909132036_c8548bce-fc55-49bc-9995-2142bb877246.sql	OK	
20250909132223_c22e4a69-d6d5-4545-9520-516ab024ff50.sql	FAIL	ERROR:  policy "Users can access their company purchase orders" for table "purchase_orders" already exists
20250909132354_0cb4dcfe-20fc-4470-8e57-9c6bb8c35e55.sql	OK	
20250909132450_7a524fb7-1c69-4bab-a021-a0db56b1dc51.sql	OK	
20250909134110_559642ac-8ec8-4b06-9727-025cd6e070ea.sql	OK	
20250909134136_2a36d18a-abc1-48c5-a15b-4dbf3284f183.sql	OK	
20250909164740_a3647a72-3a83-4779-80dd-9934bedd6fe5.sql	OK	
20250909172440_92b016d4-71a3-4613-b581-83035815f0c5.sql	OK	
20250909173105_d3584df4-5d59-4707-9051-21d16074f770.sql	OK	
20250909173136_ab40d772-2dfa-41e4-b2eb-aeeb645b4a85.sql	OK	
20250909173204_bf4ad42b-0bfa-4bb6-9a11-f4562c9df522.sql	OK	
20250909173226_a45f33d3-9c7f-42f1-a157-023681b014ef.sql	OK	
20250909173250_b5171293-9067-4df6-a316-5b3673e90143.sql	OK	
20250909173610_88b80673-1919-4c9e-9ba1-01102fca692e.sql	OK	
20250909173633_c478bb29-50ec-441a-b928-7ca8cc7cf138.sql	OK	
20250909173654_910ac69f-5624-4f3e-8165-8e7103883c42.sql	OK	
20250909214559_bbbd119f-619c-416a-8b57-7e61923ce1e6.sql	OK	
20250910173159_99991798-7cae-465f-853f-35ef7ded4d45.sql	FAIL	ERROR:  ALTER action ENABLE ROW SECURITY cannot be performed on relation "current_stock_levels"
20250910173232_09d9ad74-d73f-4c24-bdc4-9bff9f67182d.sql	FAIL	ERROR:  ALTER action ENABLE ROW SECURITY cannot be performed on relation "current_stock_levels"
20250911184126_721a9df5-a896-4f56-89f9-edef025bf9a1.sql	OK	
20250911184800_3cee02d3-9c9a-4506-8a24-8f31a6d22dc0.sql	OK	
20250911191801_11c0bb80-2618-49f1-b83d-8db1e3bc9ddb.sql	OK	
20250911192606_fcf7e9e0-efc6-4883-97c5-d4a9014fbdbd.sql	FAIL	ERROR:  relation "storage.buckets" does not exist
20250911192633_5e375ac3-94bf-4d8c-9679-bebc86b9e99f.sql	FAIL	ERROR:  relation "storage.buckets" does not exist
20250911200917_ccbb443a-7a1b-41f3-bd64-2d4928e07665.sql	FAIL	ERROR:  relation "storage.buckets" does not exist
20250925183241_0e0aafa5-e0df-4024-9ac9-402b5ecc8954.sql	OK	
20250925184408_d5bfa93f-053c-4179-bb1b-b95c3eaff285.sql	OK	
20250925184456_3ca10bd2-b723-47b5-a019-27e37a6fea3b.sql	OK	
20250925185827_610b8d7b-467d-4912-b776-a39cad4b9925.sql	OK	
20250925185901_f9cac11a-51d7-48cc-8313-d6148bcb6083.sql	OK	
20250925185923_6c70f8bc-0a3a-4c58-b129-3328dc5b5943.sql	OK	
20250925191501_5a3db77f-9515-4375-b414-7bf4a87fcb61.sql	OK	
20250926172416_2817b38a-ff85-4113-87b1-bee27cfe2b71.sql	OK	
20250926173631_202dd6fe-9eb6-4c59-a2ca-2d3909effed5.sql	OK	
20250926190547_8210f5f6-dae1-4d02-ba11-c2850212e7be.sql	OK	
20250926213906_ff52e8cb-47b6-417b-bf19-0f3ccc7652e9.sql	FAIL	ERROR:  relation "storage.buckets" does not exist
20250927072706_8052d346-9881-4e0e-b8a3-8cf6cdc75b4f.sql	OK	
20250929210816_8f901801-6fbf-47f9-8719-35ebc30a2939.sql	OK	
20250929211139_49376785-692b-4c9c-86cf-0ec0685833ee.sql	OK	
20250929211246_d5bfa035-3362-4475-bf79-32d631486341.sql	OK	
20250929212550_88160e07-894c-4640-954e-e2e3f2fd4c20.sql	OK	
20250930185240_6eca6569-7dfe-4643-9210-f5b08ac8ecc2.sql	OK	
20250930192800_9bc14b94-3a02-4365-80df-220145f42855.sql	OK	
20250930193856_2a01f9bb-553a-4042-8501-48084ac1a1e7.sql	OK	
20250930194450_9b4d90ec-7094-44c9-96fc-d883d6f916d6.sql	OK	
20250930194910_874e7622-d889-43ff-8a54-8dc82a2d71c0.sql	OK	
20250930195036_9eead395-f869-493a-9164-d3fbec28d0d6.sql	OK	
20250930195918_717f9b4a-8646-4e9e-867f-57845d808d88.sql	OK	
20251002130716_fed3deb5-48be-4d0e-824d-6fab858a62fb.sql	OK	
20251002130744_8558caec-6200-4167-b077-4fb703e7be07.sql	OK	
20251003150901_6106350e-f622-4640-a03d-9a134eb04885.sql	OK	
20251003150926_5fe768e4-6205-4d89-ab55-0be60fb52a29.sql	OK	
20251003150948_00c4200b-6094-4770-bfac-05270a176836.sql	OK	
20251003151012_57415a0a-e8ff-40b9-8281-82027439e29b.sql	OK	
20251003151034_da11b237-2b86-4729-9a72-824ec068fb52.sql	OK	
20251003151115_3c72876e-4d18-4f47-a9a6-28e3a2a07fc9.sql	OK	
20251003151146_2bfe2dcf-ec67-4dc2-8fd2-8888aa761706.sql	OK	
20251003151213_01ef4199-fe5a-4968-9d0c-04a1af3b7696.sql	OK	
20251003151241_6611c545-81c8-4a8f-8e86-0670717b9b81.sql	OK	
20251003151538_7f6ec272-b12c-47c5-9cd3-ab7a003387ae.sql	OK	
20251003153012_74191f9e-ef67-44fb-b5d4-b37a01bad8e0.sql	OK	
20251003153144_38b8929e-a091-4595-aace-4587620ade55.sql	OK	
20251003153213_7831a538-7882-42bf-b65a-0151fab17cb8.sql	OK	
20251003161045_480becaa-b359-4775-9f7f-5aa39ca04a94.sql	OK	
20251005141948_1896ea4d-d077-43ff-b908-13bcbe5714c2.sql	OK	
20251005142018_3a63f6b3-725f-4027-9562-9f67733fb00c.sql	OK	
20251005151514_9d0f3c36-9e29-409d-864a-737a2b0b351f.sql	OK	
20251005151602_f6f2ec2b-b975-4cec-9330-600cdfd97bc8.sql	OK	
20251005171135_d43717e2-13c8-4975-82f6-96425f0c60ad.sql	OK	
20251005171955_1691a81e-6554-489a-b6d5-eb5e3e0df5aa.sql	FAIL	ERROR:  publication "supabase_realtime" does not exist
20251005181656_c36a99dd-968e-48dc-81c8-debb0ed2d196.sql	OK	
20251005182349_82f321e3-8d83-43ed-b799-c4ae0d1ba995.sql	OK	
20251006181527_4f88144e-3380-4593-817f-d27847eb07af.sql	OK	
20251006181546_6992c12c-874b-41d2-a23c-452b446647ed.sql	OK	
20251006182216_ccb6cb82-9081-4416-9c89-a2024dfebe45.sql	OK	
20251006183423_94281704-b9d1-40ea-8125-33f332d16859.sql	OK	
20251006183516_3a22ec16-95d0-4c52-ab21-57e81846c1aa.sql	OK	
20251006183646_da2c9594-28e0-44b4-b31d-d9cf4e30d3f7.sql	OK	
20251006184737_af7beaf0-d9e9-4180-ac01-7c92d6a96fa6.sql	OK	
20251006184850_d528c7a1-ebc2-4edc-8879-d78d492c1819.sql	OK	
20251006185455_f31d91d4-6b4b-4450-a0c0-1efd1c33b509.sql	OK	
20251006185750_9db5dd3b-7280-4f7e-a11e-9b1d2e26ac80.sql	OK	
20251006192141_f5114290-99b8-4652-be70-a0a1774ac097.sql	OK	
20251006195833_99629f7b-439c-43d4-881a-85c7aaf1a72e.sql	FAIL	ERROR:  User rigelenterpriseinfo@gmail.com not found in auth.users
20251006211205_da969c83-bc75-440c-8520-608e60440832.sql	OK	
20251006211243_06696282-f9c3-499d-a2fa-09c8f39eea7a.sql	OK	
20251006215032_ad03b2cd-29c5-442c-b278-3612ace37cee.sql	OK	
20251006215210_43f7b677-c91e-4627-96d5-2568ea46b42d.sql	OK	
20251006215357_6ebc2781-ebd4-4f44-8c6f-2642da520664.sql	OK	
20251006221654_953d6a76-b4ce-4c5b-9a46-fdc1064137b4.sql	OK	
20251006221839_cef40604-eb45-447c-b3e3-e9931e4a49cb.sql	OK	
20251006222838_aa4ac7f3-0d43-4101-b0fc-e1c220a63b3f.sql	OK	
20251007175738_fad2789d-8d4d-4e97-8630-5504ad99f82a.sql	OK	
20251008160922_be01fdcd-d40c-4062-a3db-21739c3c310d.sql	OK	
20251008161100_1bc6347f-39bf-4c61-9679-beb01e34d7b4.sql	OK	
20251008165011_71797e7e-905e-472b-9e49-cdc105f79b4a.sql	OK	
20251011080818_fb70d39c-7051-43cd-b4f5-72d14396a1fc.sql	OK	
20251011083329_30d3bc80-8684-4929-80ce-a976d0a04991.sql	OK	
20251011111855_0190c9cb-1cff-4878-8d22-2a7fe9b52a1d.sql	OK	
20251011111916_c09cbd2a-cd38-491d-974b-9d6ddae77c1c.sql	OK	
20251011111938_0a1b3463-ec0a-4f1a-8692-ed2ac5799a05.sql	OK	
20251011112000_f515142d-82f5-4b3a-a057-cb0f29698dd8.sql	OK	
20251011120333_3756a13e-caec-4365-bab0-8912867e3646.sql	OK	
20251011120359_4294ed3f-9105-4476-9754-0502e25e7da6.sql	OK	
20251027050634_afde8b38-77ba-4863-b3ec-854cd65e14e3.sql	FAIL	ERROR:  schema "storage" does not exist
20260311215447_6a76a7fa-1d40-4f32-b285-aa7a8438f29a.sql	OK	
20260311215515_3fc089d2-14f3-4ed0-ae34-03d244184658.sql	OK	
20260904071751_fix_auth_rate_limits_unique_hashed_email.sql	OK	
